{
  "count": 42,
  "total_area_ha": 519.1621,
  "bbox_wgs84": [
    -0.19932378751294652,
    51.49147199538401,
    -0.08248178747996572,
    51.54706589542573
  ]
}
